[
  {
    "value": "스쿼트 ",
    "synonyms": [
      "스쿼트 "
    ]
  },
  {
    "value": "푸시업",
    "synonyms": [
      "푸시업",
      "팔굽혀펴기"
    ]
  },
  {
    "value": "런지",
    "synonyms": [
      "런지"
    ]
  },
  {
    "value": "레그레이즈",
    "synonyms": [
      "레그레이즈"
    ]
  },
  {
    "value": "워킹 하이 니",
    "synonyms": [
      "워킹 하이 니",
      "워킹하이 니",
      "워킹하이니",
      "워킹 하이니"
    ]
  },
  {
    "value": "덤벨 숄더 프레스",
    "synonyms": [
      "덤벨 숄더 프레스",
      "덤벨숄더 프레스",
      "덤벨 숄더프레스",
      "덤벨숄더프레스"
    ]
  }
]