[
  {
    "id": "04e11767-f014-4a06-8696-f862f00f3e87",
    "data": [
      {
        "text": "오전",
        "meta": "@sys.ignore",
        "userDefined": false
      },
      {
        "text": "에 먹을 예정이에요",
        "userDefined": false
      }
    ],
    "isTemplate": false,
    "count": 0,
    "lang": "ko",
    "updated": 0
  },
  {
    "id": "63c58b3e-975b-4df2-8a46-3a2261b618fd",
    "data": [
      {
        "text": "아침",
        "meta": "@sys.ignore",
        "userDefined": false
      },
      {
        "text": "에요",
        "userDefined": false
      }
    ],
    "isTemplate": false,
    "count": 0,
    "lang": "ko",
    "updated": 0
  },
  {
    "id": "e0ee1366-4457-46f2-8178-eabd96802778",
    "data": [
      {
        "text": "오전",
        "meta": "@sys.ignore",
        "userDefined": false
      },
      {
        "text": "에요",
        "userDefined": false
      }
    ],
    "isTemplate": false,
    "count": 0,
    "lang": "ko",
    "updated": 0
  },
  {
    "id": "2e8b6506-2267-43ce-9f95-38514b1f0e12",
    "data": [
      {
        "text": "아침에",
        "meta": "@sys.ignore",
        "userDefined": true
      },
      {
        "text": " 먹을 예정이에요",
        "userDefined": false
      }
    ],
    "isTemplate": false,
    "count": 0,
    "lang": "ko",
    "updated": 0
  },
  {
    "id": "8e69d6c6-b0ed-4bd5-a78d-032e73d14902",
    "data": [
      {
        "text": "아침에",
        "meta": "@sys.ignore",
        "userDefined": true
      }
    ],
    "isTemplate": false,
    "count": 0,
    "lang": "ko",
    "updated": 0
  }
]