[
  {
    "id": "93374952-c505-4fde-81b5-b028a81c99e6",
    "data": [
      {
        "text": "점심",
        "meta": "@sys.ignore",
        "userDefined": false
      },
      {
        "text": " 식단 ",
        "userDefined": false
      },
      {
        "text": "추천",
        "meta": "@sys.ignore",
        "userDefined": false
      },
      {
        "text": "해줘",
        "userDefined": false
      }
    ],
    "isTemplate": false,
    "count": 1,
    "lang": "ko",
    "updated": 0
  },
  {
    "id": "9dc0cf7d-408f-476d-b986-0da1fa2033ce",
    "data": [
      {
        "text": "낮",
        "meta": "@sys.ignore",
        "userDefined": false
      },
      {
        "text": "에 먹을거야",
        "userDefined": false
      }
    ],
    "isTemplate": false,
    "count": 0,
    "lang": "ko",
    "updated": 0
  },
  {
    "id": "034b0177-9254-4395-b313-78c2186cde38",
    "data": [
      {
        "text": "점심",
        "meta": "@sys.ignore",
        "userDefined": false
      }
    ],
    "isTemplate": false,
    "count": 0,
    "lang": "ko",
    "updated": 0
  },
  {
    "id": "ef7b9627-b67f-4469-912f-275d4ff7aec3",
    "data": [
      {
        "text": "점심",
        "meta": "@sys.ignore",
        "userDefined": false
      },
      {
        "text": "에 먹을거야",
        "userDefined": false
      }
    ],
    "isTemplate": false,
    "count": 0,
    "lang": "ko",
    "updated": 0
  },
  {
    "id": "e14961bd-1fbf-4588-ad3d-ebae584834ac",
    "data": [
      {
        "text": "점심",
        "meta": "@sys.ignore",
        "userDefined": false
      },
      {
        "text": " ",
        "userDefined": false
      },
      {
        "text": "추천",
        "meta": "@sys.ignore",
        "userDefined": false
      },
      {
        "text": "해줘",
        "userDefined": false
      }
    ],
    "isTemplate": false,
    "count": 0,
    "lang": "ko",
    "updated": 0
  }
]