[
  {
    "id": "11b86798-121b-44b3-a1c8-0d86a6d0906f",
    "data": [
      {
        "text": "저녁",
        "meta": "@sys.ignore",
        "userDefined": false
      },
      {
        "text": " 뭐먹을까?",
        "userDefined": false
      }
    ],
    "isTemplate": false,
    "count": 0,
    "lang": "ko",
    "updated": 0
  },
  {
    "id": "6ea1dc55-eeb5-48e8-b982-354d4abb3237",
    "data": [
      {
        "text": "저녁",
        "meta": "@sys.ignore",
        "userDefined": false
      },
      {
        "text": "에 뭐 먹지",
        "userDefined": false
      }
    ],
    "isTemplate": false,
    "count": 0,
    "lang": "ko",
    "updated": 0
  },
  {
    "id": "ba9e66b3-d1ad-40b2-ac11-bc405ef2f290",
    "data": [
      {
        "text": "저녁",
        "meta": "@sys.ignore",
        "userDefined": false
      },
      {
        "text": " ",
        "userDefined": false
      },
      {
        "text": "추천",
        "meta": "@sys.ignore",
        "userDefined": false
      },
      {
        "text": "해주세요",
        "userDefined": false
      }
    ],
    "isTemplate": false,
    "count": 0,
    "lang": "ko",
    "updated": 0
  },
  {
    "id": "6bc6d379-4021-494b-93fa-76d4a8c240c7",
    "data": [
      {
        "text": "저녁",
        "meta": "@sys.ignore",
        "userDefined": false
      },
      {
        "text": " ",
        "userDefined": false
      },
      {
        "text": "추천",
        "meta": "@sys.ignore",
        "userDefined": false
      },
      {
        "text": "해줘",
        "userDefined": false
      }
    ],
    "isTemplate": false,
    "count": 0,
    "lang": "ko",
    "updated": 0
  }
]