[
  {
    "id": "423fd5f9-24f2-4b6f-8fdb-2d0030278ab6",
    "data": [
      {
        "text": "메뉴 ",
        "userDefined": false
      },
      {
        "text": "추천",
        "meta": "@sys.ignore",
        "userDefined": false
      },
      {
        "text": "해줘",
        "userDefined": false
      }
    ],
    "isTemplate": false,
    "count": 0,
    "lang": "ko",
    "updated": 0
  },
  {
    "id": "9a63991e-2026-4687-8ee0-0be6449a8f98",
    "data": [
      {
        "text": "오늘",
        "meta": "@sys.ignore",
        "userDefined": false
      },
      {
        "text": " 뭐 먹지?",
        "userDefined": false
      }
    ],
    "isTemplate": false,
    "count": 0,
    "lang": "ko",
    "updated": 0
  },
  {
    "id": "4ccb862c-0fd5-41dd-99b9-821da05cc9f6",
    "data": [
      {
        "text": "오늘",
        "meta": "@sys.ignore",
        "userDefined": false
      },
      {
        "text": " 식단 ",
        "userDefined": false
      },
      {
        "text": "추천",
        "meta": "@sys.ignore",
        "userDefined": false
      },
      {
        "text": "해줘",
        "userDefined": false
      }
    ],
    "isTemplate": false,
    "count": 0,
    "lang": "ko",
    "updated": 0
  },
  {
    "id": "aebd26bb-4cc2-4ea7-8c4b-611e8170f474",
    "data": [
      {
        "text": "뭐먹을까",
        "userDefined": false
      }
    ],
    "isTemplate": false,
    "count": 1,
    "lang": "ko",
    "updated": 0
  },
  {
    "id": "75bd1d29-409e-4bee-91eb-3f3b857927ec",
    "data": [
      {
        "text": "식단",
        "userDefined": false
      }
    ],
    "isTemplate": false,
    "count": 0,
    "lang": "ko",
    "updated": 0
  },
  {
    "id": "2e1c1358-009a-43bf-95c1-faa860b43359",
    "data": [
      {
        "text": "식단 알려줘",
        "userDefined": false
      }
    ],
    "isTemplate": false,
    "count": 0,
    "lang": "ko",
    "updated": 0
  }
]