[
  {
    "id": "c7027101-df5a-47ff-a079-132db41391e3",
    "data": [
      {
        "text": "운동 ",
        "userDefined": false
      },
      {
        "text": "추천",
        "meta": "@sys.ignore",
        "userDefined": false
      },
      {
        "text": "해줘",
        "userDefined": false
      }
    ],
    "isTemplate": false,
    "count": 0,
    "lang": "ko",
    "updated": 0
  },
  {
    "id": "2a28b44a-e6c4-497b-8b16-3b582cc8f99c",
    "data": [
      {
        "text": "운동 순서 알려줘",
        "userDefined": false
      }
    ],
    "isTemplate": false,
    "count": 0,
    "lang": "ko",
    "updated": 0
  },
  {
    "id": "2d7fae72-48e4-44a5-81c5-c4f3d89d66cb",
    "data": [
      {
        "text": "운동 리스트",
        "userDefined": false
      }
    ],
    "isTemplate": false,
    "count": 0,
    "lang": "ko",
    "updated": 0
  },
  {
    "id": "b30f1f0b-f5c8-4b53-94ee-f7e8b2931461",
    "data": [
      {
        "text": "오늘",
        "meta": "@sys.date-time",
        "alias": "date-time",
        "userDefined": false
      },
      {
        "text": " 운동 리스트가 뭐야?",
        "userDefined": false
      }
    ],
    "isTemplate": false,
    "count": 0,
    "lang": "ko",
    "updated": 0
  },
  {
    "id": "3981e94f-bcff-4d31-8bd5-e595b5129e42",
    "data": [
      {
        "text": "오늘",
        "meta": "@sys.date-time",
        "alias": "date-time",
        "userDefined": false
      },
      {
        "text": "은 어떤 운동 해?",
        "userDefined": false
      }
    ],
    "isTemplate": false,
    "count": 0,
    "lang": "ko",
    "updated": 0
  },
  {
    "id": "b61e9a8f-e4d0-4678-b3a5-6349f8e1f5e9",
    "data": [
      {
        "text": "오늘",
        "meta": "@sys.date-time",
        "alias": "date-time",
        "userDefined": false
      },
      {
        "text": " 운동 순서 어떻게 돼?",
        "userDefined": false
      }
    ],
    "isTemplate": false,
    "count": 0,
    "lang": "ko",
    "updated": 0
  }
]