[
  {
    "id": "c79ada9e-c693-47dc-86bb-f16f46e9102a",
    "data": [
      {
        "text": "상체 할래",
        "userDefined": false
      }
    ],
    "isTemplate": false,
    "count": 0,
    "lang": "ko",
    "updated": 0
  },
  {
    "id": "8e462adc-49fe-4417-92fb-15802559f24f",
    "data": [
      {
        "text": "상체 하고싶어",
        "userDefined": false
      }
    ],
    "isTemplate": false,
    "count": 0,
    "lang": "ko",
    "updated": 0
  },
  {
    "id": "dbce8752-b32f-4b83-8604-2850468d482d",
    "data": [
      {
        "text": "상체",
        "userDefined": false
      }
    ],
    "isTemplate": false,
    "count": 0,
    "lang": "ko",
    "updated": 0
  }
]