[
  {
    "id": "48868869-7396-4f0c-9327-9e21eff4e5a6",
    "data": [
      {
        "text": "허벅지",
        "meta": "@sys.ignore",
        "userDefined": false
      }
    ],
    "isTemplate": false,
    "count": 0,
    "lang": "ko",
    "updated": 0
  },
  {
    "id": "59aa4989-6968-4e57-8421-dd8bbf94cfaf",
    "data": [
      {
        "text": "허벅지 할래",
        "userDefined": false
      }
    ],
    "isTemplate": false,
    "count": 0,
    "lang": "ko",
    "updated": 0
  },
  {
    "id": "5fdc9470-8d21-4062-8bb8-7c717af206e1",
    "data": [
      {
        "text": "하체 하고 싶어",
        "userDefined": false
      }
    ],
    "isTemplate": false,
    "count": 0,
    "lang": "ko",
    "updated": 0
  },
  {
    "id": "cfea582e-31f6-4542-a90e-66e4e534ed08",
    "data": [
      {
        "text": "하체 할래",
        "userDefined": false
      }
    ],
    "isTemplate": false,
    "count": 0,
    "lang": "ko",
    "updated": 0
  },
  {
    "id": "773376ae-415a-4d7c-a0af-e2a1eb42c22a",
    "data": [
      {
        "text": "하체",
        "userDefined": false
      }
    ],
    "isTemplate": false,
    "count": 0,
    "lang": "ko",
    "updated": 0
  }
]