[
  {
    "id": "b569cac2-69c8-4aa8-b9f3-0129d5fcdd3a",
    "data": [
      {
        "text": "덤벨숄더프레스",
        "meta": "@EXERCISE_NAME",
        "alias": "EXERCISE_NAME",
        "userDefined": false
      },
      {
        "text": " 알려줘",
        "userDefined": false
      }
    ],
    "isTemplate": false,
    "count": 0,
    "lang": "ko",
    "updated": 0
  },
  {
    "id": "e464770a-4ca6-437d-9016-3fe9a384904c",
    "data": [
      {
        "text": "덤벨 숄더 프레스",
        "meta": "@EXERCISE_NAME",
        "alias": "EXERCISE_NAME",
        "userDefined": true
      },
      {
        "text": " 알려줘",
        "userDefined": false
      }
    ],
    "isTemplate": false,
    "count": 0,
    "lang": "ko",
    "updated": 0
  }
]