[
  {
    "id": "3e2d3185-96ce-481b-a944-19ec154a0d65",
    "data": [
      {
        "text": "런지",
        "meta": "@EXERCISE_NAME",
        "alias": "exercise_name",
        "userDefined": false
      },
      {
        "text": "가 알고싶어",
        "userDefined": false
      }
    ],
    "isTemplate": false,
    "count": 0,
    "lang": "ko",
    "updated": 0
  },
  {
    "id": "9fd398e2-f4c4-4447-96d3-d35388e55348",
    "data": [
      {
        "text": "런지",
        "meta": "@EXERCISE_NAME",
        "alias": "exercise_name",
        "userDefined": false
      },
      {
        "text": " 자세 알려줘",
        "userDefined": false
      }
    ],
    "isTemplate": false,
    "count": 0,
    "lang": "ko",
    "updated": 0
  },
  {
    "id": "392d3beb-046e-4a7e-9a38-1ec45b0cc1f1",
    "data": [
      {
        "text": "런지",
        "meta": "@EXERCISE_NAME",
        "alias": "exercise_name",
        "userDefined": false
      },
      {
        "text": " 자세 궁금해",
        "userDefined": false
      }
    ],
    "isTemplate": false,
    "count": 0,
    "lang": "ko",
    "updated": 0
  },
  {
    "id": "47db3bfd-fc04-40bf-8473-342fb717fc6b",
    "data": [
      {
        "text": "런지",
        "meta": "@EXERCISE_NAME",
        "alias": "exercise_name",
        "userDefined": false
      },
      {
        "text": " 어떻게 해?",
        "userDefined": false
      }
    ],
    "isTemplate": false,
    "count": 0,
    "lang": "ko",
    "updated": 0
  },
  {
    "id": "b5d827c1-6e87-4127-a64e-3080465e75d5",
    "data": [
      {
        "text": "런지",
        "meta": "@EXERCISE_NAME",
        "alias": "exercise_name",
        "userDefined": false
      },
      {
        "text": " 궁금해",
        "userDefined": false
      }
    ],
    "isTemplate": false,
    "count": 0,
    "lang": "ko",
    "updated": 0
  },
  {
    "id": "57e14558-f03f-4b22-98a9-8fdb0212bedd",
    "data": [
      {
        "text": "런지",
        "meta": "@EXERCISE_NAME",
        "alias": "exercise_name",
        "userDefined": false
      },
      {
        "text": " 알려줘",
        "userDefined": false
      }
    ],
    "isTemplate": false,
    "count": 0,
    "lang": "ko",
    "updated": 0
  }
]