[
  {
    "id": "e1b5eb0d-83c4-4265-aaf0-f68e815384bf",
    "data": [
      {
        "text": "스쿼트",
        "meta": "@EXERCISE_NAME",
        "alias": "exercise_name",
        "userDefined": false
      },
      {
        "text": " 알려줘",
        "userDefined": false
      }
    ],
    "isTemplate": false,
    "count": 0,
    "lang": "ko",
    "updated": 0
  },
  {
    "id": "dca4bbef-605a-47df-a24c-579702c70c7e",
    "data": [
      {
        "text": "스쿼트",
        "meta": "@EXERCISE_NAME",
        "alias": "exercise_name",
        "userDefined": false
      },
      {
        "text": " 어떻게 해?",
        "userDefined": false
      }
    ],
    "isTemplate": false,
    "count": 0,
    "lang": "ko",
    "updated": 0
  },
  {
    "id": "0503cde4-b67d-4724-ae3d-80741ef6d12c",
    "data": [
      {
        "text": "스쿼트",
        "meta": "@EXERCISE_NAME",
        "alias": "exercise_name",
        "userDefined": false
      },
      {
        "text": "가 궁금해",
        "userDefined": false
      }
    ],
    "isTemplate": false,
    "count": 0,
    "lang": "ko",
    "updated": 0
  },
  {
    "id": "fa7b8616-b660-48cb-97eb-44a7ac3210b2",
    "data": [
      {
        "text": "스쿼트",
        "meta": "@EXERCISE_NAME",
        "alias": "exercise_name",
        "userDefined": false
      },
      {
        "text": " 자세에 대해 알고 싶어",
        "userDefined": false
      }
    ],
    "isTemplate": false,
    "count": 0,
    "lang": "ko",
    "updated": 0
  },
  {
    "id": "2e3acf11-d571-4d69-9f28-b2ab2a4dcf25",
    "data": [
      {
        "text": "스쿼트",
        "meta": "@EXERCISE_NAME",
        "alias": "exercise_name",
        "userDefined": false
      },
      {
        "text": " 자세가 궁금해",
        "userDefined": false
      }
    ],
    "isTemplate": false,
    "count": 0,
    "lang": "ko",
    "updated": 0
  },
  {
    "id": "a532baa8-53ab-4782-8c0a-4023ad008c60",
    "data": [
      {
        "text": "스쿼트",
        "meta": "@EXERCISE_NAME",
        "alias": "exercise_name",
        "userDefined": false
      }
    ],
    "isTemplate": false,
    "count": 0,
    "lang": "ko",
    "updated": 0
  },
  {
    "id": "0773ec55-8297-4597-b9da-f109778ccaf3",
    "data": [
      {
        "text": "스쿼트",
        "meta": "@EXERCISE_NAME",
        "alias": "exercise_name",
        "userDefined": false
      },
      {
        "text": " 자세",
        "userDefined": false
      }
    ],
    "isTemplate": false,
    "count": 0,
    "lang": "ko",
    "updated": 0
  }
]