[
  {
    "id": "09d6922d-4619-433e-a540-b63b69d14a22",
    "data": [
      {
        "text": "워킹 하이 니",
        "meta": "@EXERCISE_NAME",
        "alias": "exercise_name",
        "userDefined": false
      },
      {
        "text": " 자세 설명해줘",
        "userDefined": false
      }
    ],
    "isTemplate": false,
    "count": 1,
    "lang": "ko",
    "updated": 0
  },
  {
    "id": "e1bdcf8d-82f1-4a31-8885-734bbbcf6dd5",
    "data": [
      {
        "text": "워킹 하이 니",
        "meta": "@EXERCISE_NAME",
        "alias": "exercise_name",
        "userDefined": false
      },
      {
        "text": " 알고싶어",
        "userDefined": false
      }
    ],
    "isTemplate": false,
    "count": 0,
    "lang": "ko",
    "updated": 0
  },
  {
    "id": "47e2f5ff-7dae-43c1-b8c1-c00c9fde53ae",
    "data": [
      {
        "text": "워킹 하이 니",
        "meta": "@EXERCISE_NAME",
        "alias": "exercise_name",
        "userDefined": false
      },
      {
        "text": " 궁금해",
        "userDefined": false
      }
    ],
    "isTemplate": false,
    "count": 0,
    "lang": "ko",
    "updated": 0
  }
]