[
  {
    "id": "ad175181-f578-4e40-9ce9-9412c32ac53e",
    "data": [
      {
        "text": "팔굽혀펴기",
        "meta": "@EXERCISE_NAME",
        "alias": "exercise_name",
        "userDefined": false
      },
      {
        "text": " 효과",
        "userDefined": false
      }
    ],
    "isTemplate": false,
    "count": 0,
    "lang": "ko",
    "updated": 0
  },
  {
    "id": "9a3c7be3-ab4c-487e-a9bc-220703dffb21",
    "data": [
      {
        "text": "푸시업",
        "meta": "@EXERCISE_NAME",
        "alias": "exercise_name",
        "userDefined": false
      },
      {
        "text": " 효과",
        "userDefined": false
      }
    ],
    "isTemplate": false,
    "count": 0,
    "lang": "ko",
    "updated": 0
  },
  {
    "id": "d9477c83-3b7f-4d7b-8c75-16ac9463c072",
    "data": [
      {
        "text": "팔굽혀펴기",
        "meta": "@EXERCISE_NAME",
        "alias": "exercise_name",
        "userDefined": false
      }
    ],
    "isTemplate": false,
    "count": 0,
    "lang": "ko",
    "updated": 0
  },
  {
    "id": "3ebe245c-5172-4dfe-8a2a-187c2a990459",
    "data": [
      {
        "text": "푸시업",
        "meta": "@EXERCISE_NAME",
        "alias": "exercise_name",
        "userDefined": false
      }
    ],
    "isTemplate": false,
    "count": 0,
    "lang": "ko",
    "updated": 0
  }
]