[
  {
    "id": "37068f7a-3d86-4cb5-bd33-b70eaa1b1078",
    "data": [
      {
        "text": "푸시업",
        "meta": "@EXERCISE_NAME",
        "alias": "exercise_name",
        "userDefined": false
      },
      {
        "text": "을 알고 싶어",
        "userDefined": false
      }
    ],
    "isTemplate": false,
    "count": 0,
    "lang": "ko",
    "updated": 0
  },
  {
    "id": "4afb84c3-c0d5-4e04-9c50-f95aaf442d37",
    "data": [
      {
        "text": "푸시업",
        "meta": "@EXERCISE_NAME",
        "alias": "exercise_name",
        "userDefined": false
      },
      {
        "text": "이",
        "meta": "@sys.ignore",
        "userDefined": false
      },
      {
        "text": " 궁금해",
        "userDefined": false
      }
    ],
    "isTemplate": false,
    "count": 0,
    "lang": "ko",
    "updated": 0
  },
  {
    "id": "b411a660-ce30-4fed-b29d-5d8ef3aab6f2",
    "data": [
      {
        "text": "푸시업",
        "meta": "@EXERCISE_NAME",
        "alias": "exercise_name",
        "userDefined": false
      },
      {
        "text": " 어떻게 해?",
        "userDefined": false
      }
    ],
    "isTemplate": false,
    "count": 0,
    "lang": "ko",
    "updated": 0
  },
  {
    "id": "de437e03-cedf-4806-8269-92c4817526ac",
    "data": [
      {
        "text": "푸시업",
        "meta": "@EXERCISE_NAME",
        "alias": "exercise_name",
        "userDefined": false
      }
    ],
    "isTemplate": false,
    "count": 0,
    "lang": "ko",
    "updated": 0
  },
  {
    "id": "43055cb8-ba09-48f5-8ac0-47b5c9baa54a",
    "data": [
      {
        "text": "푸시업",
        "meta": "@EXERCISE_NAME",
        "alias": "exercise_name",
        "userDefined": false
      },
      {
        "text": " 자세 알려줘",
        "userDefined": false
      }
    ],
    "isTemplate": false,
    "count": 0,
    "lang": "ko",
    "updated": 0
  },
  {
    "id": "43e5311c-18db-4c14-9992-6301d3ffcf41",
    "data": [
      {
        "text": "푸시업",
        "meta": "@EXERCISE_NAME",
        "alias": "exercise_name",
        "userDefined": false
      },
      {
        "text": " 알려줘",
        "userDefined": false
      }
    ],
    "isTemplate": false,
    "count": 0,
    "lang": "ko",
    "updated": 0
  }
]