[
  {
    "id": "d80ff842-ed8a-4653-9a3a-07694126a548",
    "data": [
      {
        "text": "설정",
        "userDefined": false
      }
    ],
    "isTemplate": false,
    "count": 0,
    "lang": "ko",
    "updated": 0
  },
  {
    "id": "a45ef119-fa4f-4181-97c3-ec903b937509",
    "data": [
      {
        "text": "설정창 어딨어?",
        "userDefined": false
      }
    ],
    "isTemplate": false,
    "count": 0,
    "lang": "ko",
    "updated": 0
  },
  {
    "id": "85677511-6ad0-4363-a0f1-b8c3b465ecdb",
    "data": [
      {
        "text": "영상",
        "meta": "@sys.ignore",
        "userDefined": false
      },
      {
        "text": "이",
        "meta": "@sys.ignore",
        "userDefined": false
      },
      {
        "text": " ",
        "userDefined": false
      },
      {
        "text": "이상해",
        "meta": "@sys.ignore",
        "userDefined": false
      }
    ],
    "isTemplate": false,
    "count": 0,
    "lang": "ko",
    "updated": 0
  },
  {
    "id": "c3022eb1-568b-45f7-88fa-19634e9115fd",
    "data": [
      {
        "text": "소리",
        "meta": "@sys.ignore",
        "userDefined": false
      },
      {
        "text": "가 안들려",
        "userDefined": false
      }
    ],
    "isTemplate": false,
    "count": 0,
    "lang": "ko",
    "updated": 0
  },
  {
    "id": "5459f876-e231-4302-ac88-0443d7e484cf",
    "data": [
      {
        "text": "소리",
        "meta": "@sys.ignore",
        "userDefined": false
      },
      {
        "text": "를 켜줘",
        "userDefined": false
      }
    ],
    "isTemplate": false,
    "count": 0,
    "lang": "ko",
    "updated": 0
  }
]