[
  {
    "id": "3fe4ef6d-223a-4fd2-91df-416060d307cb",
    "data": [
      {
        "text": "티티야",
        "meta": "@sys.ignore",
        "userDefined": false
      }
    ],
    "isTemplate": false,
    "count": 0,
    "lang": "ko",
    "updated": 0
  },
  {
    "id": "47c61513-8633-4c4d-a749-b4bdb49c5764",
    "data": [
      {
        "text": "티티",
        "userDefined": false
      }
    ],
    "isTemplate": false,
    "count": 0,
    "lang": "ko",
    "updated": 0
  },
  {
    "id": "cb7b1275-0c04-40b1-926d-67a85c1705fc",
    "data": [
      {
        "text": "반가워",
        "userDefined": false
      }
    ],
    "isTemplate": false,
    "count": 0,
    "lang": "ko",
    "updated": 0
  },
  {
    "id": "7441bb00-6262-45c4-9868-81a024aa3339",
    "data": [
      {
        "text": "TT",
        "meta": "@sys.ignore",
        "userDefined": false
      },
      {
        "text": "야",
        "userDefined": false
      }
    ],
    "isTemplate": false,
    "count": 0,
    "lang": "ko",
    "updated": 0
  },
  {
    "id": "26b57dc7-c3cb-4998-b738-7092ac288a55",
    "data": [
      {
        "text": "저기",
        "userDefined": false
      }
    ],
    "isTemplate": false,
    "count": 0,
    "lang": "ko",
    "updated": 0
  },
  {
    "id": "f77e81fb-4ebf-454f-9723-c0ad64e0033b",
    "data": [
      {
        "text": "누구세요",
        "userDefined": false
      }
    ],
    "isTemplate": false,
    "count": 0,
    "lang": "ko",
    "updated": 0
  },
  {
    "id": "33535dbb-3ade-4de3-917f-2a6f5711f1f8",
    "data": [
      {
        "text": "하이",
        "userDefined": false
      }
    ],
    "isTemplate": false,
    "count": 0,
    "lang": "ko",
    "updated": 0
  },
  {
    "id": "c7e29c60-2f05-4948-875f-53cee5b43ee6",
    "data": [
      {
        "text": "안녕",
        "userDefined": false
      }
    ],
    "isTemplate": false,
    "count": 0,
    "lang": "ko",
    "updated": 0
  },
  {
    "id": "e3db88d7-2a05-4df6-a327-b499782f79de",
    "data": [
      {
        "text": "안녕하세요",
        "userDefined": false
      }
    ],
    "isTemplate": false,
    "count": 0,
    "lang": "ko",
    "updated": 0
  }
]